<ENVELOPE>
<HEADER>
<TALLYREQUEST>Import Data</TALLYREQUEST>
</HEADER><BODY>
<IMPORTDATA>
<REQUESTDESC>
<REPORTNAME>All Masters</REPORTNAME>
<STATICVARIABLES>
<SVCURRENTCOMPANY>Acumen Overseas Pvt. Ltd.-AIR CHINA</SVCURRENTCOMPANY></STATICVARIABLES>
</REQUESTDESC>
<REQUESTDATA>
<TALLYMESSAGE xmlns:UDF="TallyUDF">
<VOUCHER REMOTEID="" VCHTYPE="Sales" ACTION="Create">
<DATE>0.00</DATE>
<GUID />
<NARRATION />
<VOUCHERTYPENAME>Sales</VOUCHERTYPENAME>
<VOUCHERTYPENAME>Sales</VOUCHERTYPENAME><VOUCHERNUMBER>0.00</VOUCHERNUMBER><PARTYLEDGERNAME>0.00</PARTYLEDGERNAME>
<CSTFORMISSUETYPE /><CSTFORMRECVTYPE  />
<FBTPAYMENTTYPE>Default</FBTPAYMENTTYPE>
<VCHGSTCLASS />
<ENTEREDBY>Rawat</ENTEREDBY>
<DIFFACTUALQTY>No</DIFFACTUALQTY>
<AUDITED>No</AUDITED>
<FORJOBCOSTING>No</FORJOBCOSTING>
<ISOPTIONAL>No</ISOPTIONAL>
<EFFECTIVEDATE>0.00</EFFECTIVEDATE>
<USEFORINTEREST>No</USEFORINTEREST>
<USEFORGAINLOSS>No</USEFORGAINLOSS>
<USEFORGODOWNTRANSFER>No</USEFORGODOWNTRANSFER>
<USEFORCOMPOUND>No</USEFORCOMPOUND>
<ALTERID />
<EXCISEOPENING>No</EXCISEOPENING>
<ISCANCELLED>No</ISCANCELLED>
<HASCASHFLOW>No</HASCASHFLOW>
<ISPOSTDATED>No</ISPOSTDATED>
<USETRACKINGNUMBER>No</USETRACKINGNUMBER>
<ISINVOICE>No</ISINVOICE>
<MFGJOURNAL>No</MFGJOURNAL>
<HASDISCOUNTS>No</HASDISCOUNTS>
<ASPAYSLIP>No</ASPAYSLIP>
<ISDELETED>No</ISDELETED>
<ASORIGINAL>Yes</ASORIGINAL>
<ALLLEDGERENTRIES.LIST>
<LEDGERNAME>0.00</LEDGERNAME>
<GSTCLASS />
<ISDEEMEDPOSITIVE>Yes</ISDEEMEDPOSITIVE>
<LEDGERFROMITEM>No</LEDGERFROMITEM>
<REMOVEZEROENTRIES>No</REMOVEZEROENTRIES>
<ISPARTYLEDGER>Yes</ISPARTYLEDGER>
<AMOUNT>0.00</AMOUNT>
</ALLLEDGERENTRIES.LIST>
</VOUCHER>
<TALLYMESSAGE>
<VOUCHER d7p1:REMOTEID="" d7p2:VCHTYPE="" d7p3:ACTION="" xmlns:UDF:d7p3="Create" xmlns:UDF:d7p2="0.00" xmlns:UDF:d7p1="e3d6ca40-f822-11d7-83e7-000cf16dc851-0000eb60">
<DATE>0.00</DATE><GUID />
<NARRATION />
<VOUCHERTYPENAME>Sales</VOUCHERTYPENAME>
<VOUCHERTYPENAME>Sales</VOUCHERTYPENAME><VOUCHERNUMBER>0.00</VOUCHERNUMBER><PARTYLEDGERNAME>0.00</PARTYLEDGERNAME>
<CSTFORMISSUETYPE /><CSTFORMRECVTYPE  />
<FBTPAYMENTTYPE>Default</FBTPAYMENTTYPE>
<VCHGSTCLASS /><ENTEREDBY>Rawat</ENTEREDBY>
<DIFFACTUALQTY>No</DIFFACTUALQTY>
<AUDITED>No</AUDITED>
<FORJOBCOSTING>No</FORJOBCOSTING>
<ISOPTIONAL>No</ISOPTIONAL>
<EFFECTIVEDATE>0.00</EFFECTIVEDATE>
<USEFORINTEREST>No</USEFORINTEREST>
<USEFORGAINLOSS>No</USEFORGAINLOSS>
<USEFORGODOWNTRANSFER>No</USEFORGODOWNTRANSFER>
<USEFORCOMPOUND>No</USEFORCOMPOUND>
<ALTERID />
<EXCISEOPENING>No</EXCISEOPENING>
<ISCANCELLED>No</ISCANCELLED>
<HASCASHFLOW>No</HASCASHFLOW>
<ISPOSTDATED>No</ISPOSTDATED>
<USETRACKINGNUMBER>No</USETRACKINGNUMBER>
<ISINVOICE>No</ISINVOICE>
<MFGJOURNAL>No</MFGJOURNAL>
<HASDISCOUNTS>No</HASDISCOUNTS>
<ASPAYSLIP>No</ASPAYSLIP>
<ISDELETED>No</ISDELETED>
<ASORIGINAL>Yes</ASORIGINAL>

<ALLLEDGERENTRIES.LIST>
<LEDGERNAME>0.00</LEDGERNAME>
<GSTCLASS />
<ISDEEMEDPOSITIVE>Yes</ISDEEMEDPOSITIVE>
<LEDGERFROMITEM>No</LEDGERFROMITEM>
<REMOVEZEROENTRIES>No</REMOVEZEROENTRIES>
<ISPARTYLEDGER>Yes</ISPARTYLEDGER>
<AMOUNT>0.00</AMOUNT>
</ALLLEDGERENTRIES.LIST>
</VOUCHER>
</TALLYMESSAGE>
</REQUESTDATA>
</IMPORTDATA>
</BODY>
</ENVELOPE>